"Table 1.1.6. Real Gross Domestic Product, Chained Dollars"
"[Billions of chained (2012) dollars] Seasonally adjusted at annual rates" 
"Bureau of Economic Analysis" 
"Last Revised on: January 30, 2020 - Next Release Date February 27, 2020"
"Line","","1970","1970","1970","1970","1971","1971","1971","1971","1972","1972","1972","1972","1973","1973","1973","1973","1974","1974","1974","1974","1975","1975","1975","1975","1976","1976","1976","1976","1977","1977","1977","1977","1978","1978","1978","1978","1979","1979","1979","1979","1980","1980","1980","1980","1981","1981","1981","1981","1982","1982","1982","1982","1983","1983","1983","1983","1984","1984","1984","1984","1985","1985","1985","1985","1986","1986","1986","1986","1987","1987","1987","1987","1988","1988","1988","1988","1989","1989","1989","1989","1990","1990","1990","1990","1991","1991","1991","1991","1992","1992","1992","1992","1993","1993","1993","1993","1994","1994","1994","1994","1995","1995","1995","1995","1996","1996","1996","1996","1997","1997","1997","1997","1998","1998","1998","1998","1999","1999","1999","1999","2000","2000","2000","2000","2001","2001","2001","2001","2002","2002","2002","2002","2003","2003","2003","2003","2004","2004","2004","2004","2005","2005","2005","2005","2006","2006","2006","2006","2007","2007","2007","2007","2008","2008","2008","2008","2009","2009","2009","2009","2010","2010","2010","2010","2011","2011","2011","2011","2012","2012","2012","2012","2013","2013","2013","2013","2014","2014","2014","2014","2015","2015","2015","2015","2016","2016","2016","2016","2017","2017","2017","2017","2018","2018","2018","2018","2019","2019","2019","2019"
"Line","","Q1","Q2","Q3","Q4","Q1","Q2","Q3","Q4","Q1","Q2","Q3","Q4","Q1","Q2","Q3","Q4","Q1","Q2","Q3","Q4","Q1","Q2","Q3","Q4","Q1","Q2","Q3","Q4","Q1","Q2","Q3","Q4","Q1","Q2","Q3","Q4","Q1","Q2","Q3","Q4","Q1","Q2","Q3","Q4","Q1","Q2","Q3","Q4","Q1","Q2","Q3","Q4","Q1","Q2","Q3","Q4","Q1","Q2","Q3","Q4","Q1","Q2","Q3","Q4","Q1","Q2","Q3","Q4","Q1","Q2","Q3","Q4","Q1","Q2","Q3","Q4","Q1","Q2","Q3","Q4","Q1","Q2","Q3","Q4","Q1","Q2","Q3","Q4","Q1","Q2","Q3","Q4","Q1","Q2","Q3","Q4","Q1","Q2","Q3","Q4","Q1","Q2","Q3","Q4","Q1","Q2","Q3","Q4","Q1","Q2","Q3","Q4","Q1","Q2","Q3","Q4","Q1","Q2","Q3","Q4","Q1","Q2","Q3","Q4","Q1","Q2","Q3","Q4","Q1","Q2","Q3","Q4","Q1","Q2","Q3","Q4","Q1","Q2","Q3","Q4","Q1","Q2","Q3","Q4","Q1","Q2","Q3","Q4","Q1","Q2","Q3","Q4","Q1","Q2","Q3","Q4","Q1","Q2","Q3","Q4","Q1","Q2","Q3","Q4","Q1","Q2","Q3","Q4","Q1","Q2","Q3","Q4","Q1","Q2","Q3","Q4","Q1","Q2","Q3","Q4","Q1","Q2","Q3","Q4","Q1","Q2","Q3","Q4","Q1","Q2","Q3","Q4","Q1","Q2","Q3","Q4","Q1","Q2","Q3","Q4"
"1","        Gross domestic product",4936.6,4943.6,4989.2,4935.7,5069.7,5097.2,5139.1,5151.2,5246.0,5365.0,5415.7,5506.4,5642.7,5704.1,5674.1,5728.0,5678.7,5692.2,5638.4,5616.5,5548.2,5587.8,5683.4,5760.0,5889.5,5932.7,5965.3,6008.5,6079.5,6197.7,6309.5,6309.7,6329.8,6574.4,6640.5,6729.8,6741.9,6749.1,6799.2,6816.2,6837.6,6696.8,6688.8,6813.5,6947.0,6895.6,6978.1,6902.1,6794.9,6825.9,6799.8,6802.5,6892.1,7049.0,7189.9,7339.9,7483.4,7612.7,7686.1,7749.2,7824.2,7893.1,8013.7,8073.2,8148.6,8185.3,8263.6,8308.0,8369.9,8460.2,8533.6,8680.2,8725.0,8839.6,8891.4,9009.9,9101.5,9171.0,9238.9,9257.1,9358.3,9392.3,9398.5,9312.9,9269.4,9341.6,9388.8,9421.6,9534.3,9637.7,9733.0,9834.5,9851.0,9908.3,9955.6,10091.0,10189.0,10327.0,10387.4,10506.4,10543.6,10575.1,10665.1,10737.5,10817.9,10998.3,11097.0,11212.2,11284.6,11472.1,11615.6,11715.4,11832.5,11942.0,12091.6,12287.0,12403.3,12498.7,12662.4,12877.6,12924.2,13160.8,13178.4,13260.5,13222.7,13300.0,13244.8,13280.9,13397.0,13478.2,13538.1,13559.0,13634.3,13751.5,13985.1,14145.6,14221.1,14329.5,14465.0,14609.9,14771.6,14839.8,14972.1,15066.6,15267.0,15302.7,15326.4,15456.9,15493.3,15582.1,15666.7,15762.0,15671.4,15752.3,15667.0,15328.0,15155.9,15134.1,15189.2,15356.1,15415.1,15557.3,15672.0,15750.6,15712.8,15825.1,15820.7,16004.1,16129.4,16198.8,16220.7,16239.1,16383.0,16403.2,16531.7,16663.6,16616.5,16841.5,17047.1,17143.0,17277.6,17405.7,17463.2,17468.9,17556.8,17639.4,17735.1,17824.2,17925.3,18021.0,18163.6,18322.5,18438.3,18598.1,18732.7,18783.5,18927.3,19021.9,19121.1,19219.8
"2","Personal consumption expenditures",3065.1,3079.0,3106.0,3097.5,3157.0,3186.0,3211.4,3264.7,3307.8,3370.7,3422.7,3503.0,3567.0,3565.3,3577.9,3567.2,3535.3,3548.0,3563.3,3511.2,3540.6,3598.9,3650.0,3689.3,3763.0,3797.7,3837.7,3887.4,3933.3,3954.6,3992.0,4052.0,4074.8,4161.9,4179.4,4213.1,4234.9,4232.2,4273.3,4284.0,4277.9,4181.5,4227.4,4284.5,4298.8,4299.2,4319.0,4289.5,4321.1,4334.3,4363.3,4439.7,4483.6,4574.9,4657.0,4731.2,4770.5,4837.3,4873.2,4936.3,5020.2,5066.3,5162.5,5173.6,5218.9,5275.7,5369.0,5402.0,5407.4,5481.2,5543.7,5555.5,5653.6,5695.3,5745.9,5811.3,5838.2,5865.5,5922.3,5948.0,5998.1,6016.3,6040.2,5994.2,5971.7,6021.2,6051.2,6048.2,6161.4,6203.2,6269.7,6344.4,6368.8,6426.7,6498.2,6555.3,6630.3,6681.8,6732.8,6805.6,6822.5,6882.3,6944.7,6993.1,7057.6,7133.6,7176.8,7233.9,7310.2,7343.1,7468.2,7557.4,7633.9,7768.3,7869.6,7983.3,8060.8,8178.3,8270.6,8391.8,8520.7,8603.0,8687.5,8762.2,8797.3,8818.1,8848.3,8980.6,9008.1,9054.3,9119.9,9172.4,9215.5,9319.0,9455.7,9519.8,9604.5,9664.3,9771.1,9877.4,9935.0,10047.8,10145.3,10175.4,10288.9,10341.0,10403.8,10504.5,10563.3,10582.8,10642.5,10672.8,10644.4,10661.7,10581.9,10483.4,10459.7,10417.3,10489.2,10473.6,10525.4,10609.1,10683.3,10754.0,10799.7,10823.7,10866.0,10885.9,10973.3,10989.6,11007.5,11056.9,11114.2,11122.2,11167.4,11263.6,11308.0,11431.8,11554.8,11695.0,11792.1,11886.0,11976.6,12030.2,12124.2,12211.3,12289.1,12365.3,12438.9,12512.9,12586.3,12729.7,12782.9,12909.2,13019.8,13066.3,13103.3,13250.0,13353.1,13411.9
"3","    Goods","---","---","---","---","---","---","---","---","---","---","---","---","---","---","---","---","---","---","---","---","---","---","---","---","---","---","---","---","---","---","---","---","---","---","---","---","---","---","---","---","---","---","---","---","---","---","---","---","---","---","---","---","---","---","---","---","---","---","---","---","---","---","---","---","---","---","---","---","---","---","---","---","---","---","---","---","---","---","---","---","---","---","---","---","---","---","---","---","---","---","---","---","---","---","---","---","---","---","---","---","---","---","---","---","---","---","---","---","---","---","---","---","---","---","---","---","---","---","---","---","---","---","---","---","---","---","---","---",2920.5,2928.6,2964.8,2976.6,2993.0,3058.2,3144.2,3172.5,3208.2,3219.3,3264.4,3308.1,3333.4,3382.7,3414.9,3407.7,3478.3,3483.3,3514.0,3563.2,3588.2,3596.6,3619.3,3626.4,3566.8,3561.5,3486.8,3380.5,3381.4,3359.6,3418.2,3399.9,3425.5,3472.2,3498.3,3546.9,3564.6,3551.5,3552.7,3578.4,3623.8,3623.1,3639.1,3665.0,3728.0,3730.7,3757.4,3792.8,3818.1,3886.7,3931.5,3984.4,4028.8,4072.9,4118.8,4133.7,4176.2,4222.4,4263.8,4284.2,4318.2,4375.9,4419.7,4499.8,4513.9,4573.5,4614.0,4631.8,4649.2,4746.4,4808.0,4822.8
"4","        Durable goods","---","---","---","---","---","---","---","---","---","---","---","---","---","---","---","---","---","---","---","---","---","---","---","---","---","---","---","---","---","---","---","---","---","---","---","---","---","---","---","---","---","---","---","---","---","---","---","---","---","---","---","---","---","---","---","---","---","---","---","---","---","---","---","---","---","---","---","---","---","---","---","---","---","---","---","---","---","---","---","---","---","---","---","---","---","---","---","---","---","---","---","---","---","---","---","---","---","---","---","---","---","---","---","---","---","---","---","---","---","---","---","---","---","---","---","---","---","---","---","---","---","---","---","---","---","---","---","---",806.1,811.2,835.5,827.9,828.6,866.3,904.6,917.7,933.7,936.1,960.3,978.5,983.1,1009.3,1029.0,998.2,1037.9,1038.3,1053.2,1068.0,1082.4,1093.7,1107.1,1115.4,1079.3,1071.7,1035.5,959.3,961.0,954.0,1000.3,976.7,988.7,1019.8,1035.9,1064.9,1074.2,1066.6,1076.1,1101.8,1128.8,1130.9,1145.6,1171.6,1201.6,1207.1,1217.3,1230.3,1249.9,1294.8,1318.3,1343.3,1365.7,1395.2,1413.1,1421.1,1441.3,1466.0,1504.1,1525.4,1538.3,1567.0,1596.9,1643.5,1652.8,1685.1,1699.8,1705.2,1706.3,1759.3,1793.9,1803.2
"5","        Nondurable goods","---","---","---","---","---","---","---","---","---","---","---","---","---","---","---","---","---","---","---","---","---","---","---","---","---","---","---","---","---","---","---","---","---","---","---","---","---","---","---","---","---","---","---","---","---","---","---","---","---","---","---","---","---","---","---","---","---","---","---","---","---","---","---","---","---","---","---","---","---","---","---","---","---","---","---","---","---","---","---","---","---","---","---","---","---","---","---","---","---","---","---","---","---","---","---","---","---","---","---","---","---","---","---","---","---","---","---","---","---","---","---","---","---","---","---","---","---","---","---","---","---","---","---","---","---","---","---","---",2148.2,2149.7,2153.3,2179.1,2196.7,2214.3,2255.2,2268.1,2285.5,2294.7,2311.1,2334.7,2356.6,2375.3,2384.1,2417.5,2442.3,2447.2,2461.3,2495.5,2503.9,2498.7,2506.5,2504.5,2485.1,2488.9,2452.6,2429.2,2428.3,2413.7,2421.4,2429.1,2442.1,2455.5,2464.6,2483.0,2491.3,2486.0,2477.5,2476.9,2495.0,2492.2,2493.4,2493.5,2526.6,2524.0,2540.5,2562.8,2568.8,2593.6,2615.2,2643.6,2665.9,2681.2,2709.2,2716.4,2738.9,2760.7,2765.2,2765.2,2786.4,2816.1,2831.3,2866.7,2872.0,2900.8,2926.6,2938.9,2954.6,3001.3,3030.0,3036.0
"6","    Services","---","---","---","---","---","---","---","---","---","---","---","---","---","---","---","---","---","---","---","---","---","---","---","---","---","---","---","---","---","---","---","---","---","---","---","---","---","---","---","---","---","---","---","---","---","---","---","---","---","---","---","---","---","---","---","---","---","---","---","---","---","---","---","---","---","---","---","---","---","---","---","---","---","---","---","---","---","---","---","---","---","---","---","---","---","---","---","---","---","---","---","---","---","---","---","---","---","---","---","---","---","---","---","---","---","---","---","---","---","---","---","---","---","---","---","---","---","---","---","---","---","---","---","---","---","---","---","---",6097.6,6137.0,6164.3,6205.5,6231.6,6266.0,6312.5,6347.7,6396.0,6445.6,6506.6,6568.5,6600.3,6662.8,6728.1,6766.7,6807.4,6855.2,6886.7,6937.4,6971.0,6982.1,7019.0,7042.3,7075.2,7098.1,7094.7,7103.8,7078.7,7057.5,7070.7,7073.4,7099.8,7137.1,7185.2,7207.4,7235.2,7272.3,7313.5,7307.5,7349.4,7366.4,7368.5,7392.0,7386.8,7392.2,7411.0,7471.9,7491.5,7547.9,7626.3,7713.9,7767.6,7818.5,7864.8,7903.1,7955.8,7998.9,8037.2,8092.2,8133.0,8154.1,8186.6,8254.9,8293.5,8362.9,8433.6,8462.6,8483.1,8541.4,8587.9,8630.9
"7","Gross private domestic investment",576.0,577.2,586.6,555.5,620.2,637.8,645.5,628.2,669.6,707.6,717.6,722.1,764.5,797.0,768.1,795.5,750.1,747.1,708.4,712.7,597.9,580.1,625.0,642.5,704.5,732.4,734.9,740.4,774.7,830.3,872.3,850.4,867.0,923.3,950.2,972.1,973.8,972.9,956.5,939.5,933.1,853.8,797.4,871.7,952.4,912.9,964.4,930.4,842.4,841.8,834.1,769.6,796.3,866.8,921.1,1010.7,1108.3,1144.4,1169.1,1154.0,1122.3,1141.4,1133.7,1175.5,1175.1,1154.6,1123.5,1126.9,1157.3,1157.9,1158.1,1237.0,1177.6,1205.7,1212.4,1230.9,1272.6,1260.3,1249.0,1239.7,1252.1,1252.4,1228.2,1159.5,1120.9,1120.9,1143.1,1183.6,1161.7,1227.4,1237.2,1274.9,1305.0,1312.5,1303.6,1372.1,1424.4,1494.4,1470.0,1530.5,1546.5,1514.4,1505.4,1542.8,1567.6,1642.9,1717.5,1715.2,1749.9,1857.0,1883.0,1911.0,1994.4,1982.1,2033.0,2095.8,2153.3,2154.7,2213.8,2273.1,2257.1,2390.7,2367.3,2371.8,2264.2,2267.4,2218.4,2108.5,2170.7,2206.4,2203.1,2201.7,2218.7,2234.0,2315.4,2393.4,2398.2,2493.9,2532.6,2585.5,2658.2,2622.8,2657.5,2743.8,2784.6,2766.6,2756.0,2702.5,2683.9,2713.5,2686.1,2653.1,2583.3,2536.4,2485.5,2246.4,1986.8,1872.3,1868.0,2040.7,2087.2,2196.7,2294.7,2287.4,2244.2,2336.1,2343.8,2524.4,2577.2,2636.5,2648.5,2624.9,2722.8,2753.2,2859.8,2870.1,2838.3,2958.1,3018.6,3021.9,3116.5,3118.9,3114.8,3067.1,3054.7,3041.6,3045.5,3114.0,3140.3,3167.9,3225.2,3262.1,3311.8,3296.6,3404.2,3429.5,3481.1,3424.7,3416.2,3363.0
"8","    Fixed investment","---","---","---","---","---","---","---","---","---","---","---","---","---","---","---","---","---","---","---","---","---","---","---","---","---","---","---","---","---","---","---","---","---","---","---","---","---","---","---","---","---","---","---","---","---","---","---","---","---","---","---","---","---","---","---","---","---","---","---","---","---","---","---","---","---","---","---","---","---","---","---","---","---","---","---","---","---","---","---","---","---","---","---","---","---","---","---","---","---","---","---","---","---","---","---","---","---","---","---","---","---","---","---","---","---","---","---","---","---","---","---","---","---","---","---","---","---","---","---","---","---","---","---","---","---","---","---","---",2189.1,2186.7,2183.5,2174.3,2194.0,2246.8,2319.7,2361.9,2355.4,2419.8,2471.2,2516.3,2560.4,2603.8,2649.3,2661.2,2711.2,2696.6,2679.3,2660.3,2658.1,2670.6,2655.4,2629.9,2589.1,2567.9,2503.0,2337.8,2151.9,2073.9,2081.6,2092.0,2091.0,2167.1,2178.7,2220.0,2216.2,2268.0,2363.3,2423.7,2499.4,2549.8,2553.6,2599.4,2643.9,2665.3,2711.3,2748.0,2775.6,2852.8,2907.3,2941.2,2943.1,2964.7,2988.2,2971.9,2991.0,3010.9,3038.9,3053.7,3111.1,3133.0,3144.1,3210.7,3254.0,3295.4,3301.3,3323.0,3349.4,3337.4,3330.5,3331.0
"9","        Nonresidential","---","---","---","---","---","---","---","---","---","---","---","---","---","---","---","---","---","---","---","---","---","---","---","---","---","---","---","---","---","---","---","---","---","---","---","---","---","---","---","---","---","---","---","---","---","---","---","---","---","---","---","---","---","---","---","---","---","---","---","---","---","---","---","---","---","---","---","---","---","---","---","---","---","---","---","---","---","---","---","---","---","---","---","---","---","---","---","---","---","---","---","---","---","---","---","---","---","---","---","---","---","---","---","---","---","---","---","---","---","---","---","---","---","---","---","---","---","---","---","---","---","---","---","---","---","---","---","---",1492.6,1475.8,1471.0,1451.2,1458.4,1498.7,1530.5,1549.8,1534.4,1572.8,1617.8,1651.0,1675.0,1702.0,1737.5,1750.9,1809.7,1841.3,1872.9,1892.7,1926.8,1969.6,2000.5,2031.3,2039.4,2043.5,2005.4,1888.6,1746.3,1693.2,1683.3,1694.5,1706.4,1762.3,1810.1,1845.2,1842.7,1890.4,1978.9,2029.4,2081.3,2128.0,2120.9,2144.0,2171.6,2177.5,2214.7,2260.0,2291.7,2353.3,2400.8,2415.5,2406.1,2413.2,2420.4,2393.2,2389.8,2413.6,2446.8,2451.2,2490.5,2517.4,2532.6,2584.2,2639.5,2689.9,2703.9,2735.8,2765.6,2758.5,2742.7,2732.4
"10","            Structures","---","---","---","---","---","---","---","---","---","---","---","---","---","---","---","---","---","---","---","---","---","---","---","---","---","---","---","---","---","---","---","---","---","---","---","---","---","---","---","---","---","---","---","---","---","---","---","---","---","---","---","---","---","---","---","---","---","---","---","---","---","---","---","---","---","---","---","---","---","---","---","---","---","---","---","---","---","---","---","---","---","---","---","---","---","---","---","---","---","---","---","---","---","---","---","---","---","---","---","---","---","---","---","---","---","---","---","---","---","---","---","---","---","---","---","---","---","---","---","---","---","---","---","---","---","---","---","---",506.9,479.4,456.9,450.9,448.1,460.2,458.6,459.5,450.3,453.3,460.7,461.1,467.3,465.4,463.4,468.2,485.7,500.7,510.1,510.3,529.4,558.8,585.6,600.6,603.3,613.3,609.6,595.5,551.3,509.0,474.3,434.1,405.1,416.8,410.7,418.6,387.8,414.8,439.4,454.5,476.0,487.4,481.8,472.5,462.1,475.8,499.8,504.2,521.9,540.3,542.2,551.0,538.3,540.2,520.0,491.1,476.4,487.9,509.0,512.1,521.1,523.7,513.3,519.9,534.9,549.1,546.2,533.4,538.6,523.0,509.6,496.2
"11","            Equipment","---","---","---","---","---","---","---","---","---","---","---","---","---","---","---","---","---","---","---","---","---","---","---","---","---","---","---","---","---","---","---","---","---","---","---","---","---","---","---","---","---","---","---","---","---","---","---","---","---","---","---","---","---","---","---","---","---","---","---","---","---","---","---","---","---","---","---","---","---","---","---","---","---","---","---","---","---","---","---","---","---","---","---","---","---","---","---","---","---","---","---","---","---","---","---","---","---","---","---","---","---","---","---","---","---","---","---","---","---","---","---","---","---","---","---","---","---","---","---","---","---","---","---","---","---","---","---","---",610.0,607.1,612.9,601.2,603.4,627.2,647.6,659.0,650.6,678.4,701.9,723.4,730.0,748.2,775.4,786.2,821.1,830.5,837.2,841.7,853.4,865.3,869.7,874.8,870.0,859.5,832.5,735.7,653.7,627.8,643.7,673.5,721.1,768.1,809.5,825.9,846.3,858.0,909.7,930.7,959.6,986.7,983.8,1003.4,1021.1,1019.0,1019.0,1057.9,1066.9,1093.6,1127.0,1116.9,1126.2,1130.4,1152.0,1137.9,1126.5,1120.0,1120.9,1122.0,1139.3,1163.8,1181.4,1217.8,1237.5,1247.8,1256.7,1279.2,1278.9,1281.5,1269.3,1259.9
"12","            Intellectual property products","---","---","---","---","---","---","---","---","---","---","---","---","---","---","---","---","---","---","---","---","---","---","---","---","---","---","---","---","---","---","---","---","---","---","---","---","---","---","---","---","---","---","---","---","---","---","---","---","---","---","---","---","---","---","---","---","---","---","---","---","---","---","---","---","---","---","---","---","---","---","---","---","---","---","---","---","---","---","---","---","---","---","---","---","---","---","---","---","---","---","---","---","---","---","---","---","---","---","---","---","---","---","---","---","---","---","---","---","---","---","---","---","---","---","---","---","---","---","---","---","---","---","---","---","---","---","---","---",417.3,421.6,424.6,422.6,428.9,433.1,441.8,447.0,447.8,452.1,464.3,472.7,484.1,492.2,499.1,497.0,503.1,511.8,528.0,543.1,547.7,551.4,553.3,565.0,575.5,581.1,574.4,570.3,554.7,568.6,574.5,591.9,581.9,579.0,590.3,601.3,607.4,617.4,629.9,644.3,645.7,653.9,655.2,668.0,688.6,682.9,695.8,698.1,702.5,718.5,731.4,746.6,741.5,742.5,750.5,768.3,792.0,809.8,819.2,819.2,831.8,832.3,842.3,852.0,872.0,896.9,905.9,931.3,955.6,964.2,975.2,989.3
"13","        Residential","---","---","---","---","---","---","---","---","---","---","---","---","---","---","---","---","---","---","---","---","---","---","---","---","---","---","---","---","---","---","---","---","---","---","---","---","---","---","---","---","---","---","---","---","---","---","---","---","---","---","---","---","---","---","---","---","---","---","---","---","---","---","---","---","---","---","---","---","---","---","---","---","---","---","---","---","---","---","---","---","---","---","---","---","---","---","---","---","---","---","---","---","---","---","---","---","---","---","---","---","---","---","---","---","---","---","---","---","---","---","---","---","---","---","---","---","---","---","---","---","---","---","---","---","---","---","---","---",675.9,692.6,694.7,707.2,720.2,731.7,773.6,796.6,805.9,831.4,837.4,848.9,868.9,885.0,894.7,892.9,884.6,840.3,793.8,756.9,722.7,694.3,650.1,596.1,548.7,523.8,497.2,448.8,405.3,380.4,398.1,397.2,384.4,404.4,368.6,374.7,373.4,377.6,384.4,394.4,418.3,421.9,432.7,455.2,471.8,486.8,495.5,487.7,484.3,499.8,507.1,525.2,535.5,548.9,563.9,573.0,593.0,590.1,586.2,595.5,612.4,608.9,605.9,620.4,612.1,606.3,600.1,593.0,591.4,587.0,593.7,602.1
"14","    Change in private inventories","---","---","---","---","---","---","---","---","---","---","---","---","---","---","---","---","---","---","---","---","---","---","---","---","---","---","---","---","---","---","---","---","---","---","---","---","---","---","---","---","---","---","---","---","---","---","---","---","---","---","---","---","---","---","---","---","---","---","---","---","---","---","---","---","---","---","---","---","---","---","---","---","---","---","---","---","---","---","---","---","---","---","---","---","---","---","---","---","---","---","---","---","---","---","---","---","---","---","---","---","---","---","---","---","---","---","---","---","---","---","---","---","---","---","---","---","---","---","---","---","---","---","---","---","---","---","---","---",-7.8,33.1,28.7,43.4,39.9,-9.2,2.8,46.2,58.7,97.7,83.1,91.1,124.9,24.7,7.9,97.4,102.7,92.7,97.3,55.7,27.5,56.4,43.4,35.0,1.6,-25.4,-19.3,-87.6,-179.0,-228.3,-245.1,-56.8,-5.0,33.3,128.8,72.1,32.8,71.3,-17.7,100.4,72.8,87.1,98.0,27.0,81.2,85.8,147.6,120.0,58.3,98.6,106.3,82.0,173.2,149.1,121.4,86.0,51.1,10.8,-14.7,44.8,8.7,16.6,70.2,31.1,40.5,-28.0,87.2,93.0,116.0,69.4,69.4,6.5
"15","Net exports of goods and services","---","---","---","---","---","---","---","---","---","---","---","---","---","---","---","---","---","---","---","---","---","---","---","---","---","---","---","---","---","---","---","---","---","---","---","---","---","---","---","---","---","---","---","---","---","---","---","---","---","---","---","---","---","---","---","---","---","---","---","---","---","---","---","---","---","---","---","---","---","---","---","---","---","---","---","---","---","---","---","---","---","---","---","---","---","---","---","---","---","---","---","---","---","---","---","---","---","---","---","---","---","---","---","---","---","---","---","---","---","---","---","---","---","---","---","---","---","---","---","---","---","---","---","---","---","---","---","---",-623.9,-652.1,-669.8,-723.4,-712.0,-741.9,-739.9,-746.4,-776.9,-844.0,-863.2,-881.6,-869.8,-874.7,-886.8,-919.8,-913.0,-908.8,-932.5,-866.0,-872.9,-862.3,-819.4,-740.0,-732.1,-647.1,-626.8,-640.4,-543.8,-445.2,-473.0,-477.3,-505.9,-572.6,-611.0,-574.1,-573.7,-555.8,-563.8,-579.0,-580.5,-570.4,-573.7,-549.8,-532.7,-545.8,-551.9,-500.9,-549.5,-572.2,-569.2,-617.9,-696.1,-694.3,-743.4,-752.8,-777.7,-760.9,-761.4,-834.6,-831.5,-850.0,-833.7,-883.8,-884.2,-850.5,-962.4,-983.0,-944.0,-980.7,-990.1,-902.0
"16","    Exports",194.8,202.3,203.2,203.6,205.4,203.9,214.1,194.3,216.4,210.1,222.8,232.2,249.2,261.2,262.1,275.0,278.5,292.1,276.4,283.6,285.6,277.3,272.6,288.0,286.0,288.9,297.3,300.3,295.5,303.4,305.8,296.0,303.0,334.5,338.2,351.6,351.9,352.8,365.5,388.5,399.4,406.9,406.0,403.6,411.2,413.4,404.6,406.4,388.8,391.1,373.8,356.6,362.4,363.5,368.9,376.4,384.2,393.8,402.5,410.7,411.8,410.9,404.9,417.0,430.0,434.6,444.6,461.2,461.6,480.6,501.5,520.2,549.1,564.5,575.6,593.2,610.9,637.6,644.2,653.9,682.3,690.8,696.0,702.1,706.4,732.2,749.5,766.4,780.2,780.6,797.2,801.2,803.0,812.6,810.5,836.6,844.8,873.3,906.0,926.9,944.8,958.0,999.5,1013.7,1025.9,1042.6,1051.0,1116.6,1137.8,1183.3,1210.7,1209.0,1214.6,1201.2,1195.6,1239.9,1238.3,1250.1,1286.5,1318.2,1337.2,1375.2,1408.8,1396.8,1376.2,1330.8,1266.0,1225.9,1252.8,1287.8,1294.5,1273.4,1274.7,1272.8,1308.2,1364.4,1401.6,1423.2,1434.0,1465.9,1500.2,1527.0,1530.7,1574.9,1634.7,1666.7,1667.2,1737.1,1761.4,1788.4,1842.1,1897.4,1913.5,1974.7,1961.2,1852.4,1702.7,1707.9,1770.0,1874.5,1902.6,1947.6,2001.6,2059.6,2077.1,2110.8,2133.2,2155.2,2168.5,2192.2,2203.6,2200.8,2225.9,2252.7,2266.8,2333.2,2316.7,2366.8,2377.3,2400.3,2373.6,2396.4,2372.6,2363.2,2345.1,2367.9,2403.4,2388.1,2423.5,2432.9,2459.5,2519.2,2524.0,2559.9,2519.3,2528.5,2554.4,2517.5,2523.4,2532.4
"17","        Goods","---","---","---","---","---","---","---","---","---","---","---","---","---","---","---","---","---","---","---","---","---","---","---","---","---","---","---","---","---","---","---","---","---","---","---","---","---","---","---","---","---","---","---","---","---","---","---","---","---","---","---","---","---","---","---","---","---","---","---","---","---","---","---","---","---","---","---","---","---","---","---","---","---","---","---","---","---","---","---","---","---","---","---","---","---","---","---","---","---","---","---","---","---","---","---","---","---","---","---","---","---","---","---","---","---","---","---","---","---","---","---","---","---","---","---","---","---","---","---","---","---","---","---","---","---","---","---","---",881.0,910.5,916.5,894.4,905.6,906.5,927.4,968.7,984.3,1002.6,1014.3,1031.9,1052.1,1084.9,1086.2,1118.5,1167.3,1187.0,1191.5,1226.4,1239.0,1256.5,1290.5,1318.4,1343.4,1388.3,1390.2,1279.8,1146.4,1140.2,1195.8,1278.8,1315.9,1353.7,1384.1,1421.2,1436.8,1456.5,1468.7,1499.1,1507.0,1525.0,1534.6,1519.7,1531.3,1555.8,1565.7,1627.2,1599.1,1641.6,1658.1,1672.2,1632.0,1657.3,1637.9,1620.8,1624.3,1635.2,1664.0,1660.7,1684.7,1694.0,1703.1,1758.1,1763.3,1814.1,1771.2,1782.5,1802.6,1775.3,1784.7,1779.8
"18","        Services","---","---","---","---","---","---","---","---","---","---","---","---","---","---","---","---","---","---","---","---","---","---","---","---","---","---","---","---","---","---","---","---","---","---","---","---","---","---","---","---","---","---","---","---","---","---","---","---","---","---","---","---","---","---","---","---","---","---","---","---","---","---","---","---","---","---","---","---","---","---","---","---","---","---","---","---","---","---","---","---","---","---","---","---","---","---","---","---","---","---","---","---","---","---","---","---","---","---","---","---","---","---","---","---","---","---","---","---","---","---","---","---","---","---","---","---","---","---","---","---","---","---","---","---","---","---","---","---",371.8,377.2,377.9,379.0,368.9,366.1,380.6,395.6,417.2,420.4,419.6,433.9,448.0,442.0,444.3,456.2,467.4,479.6,475.7,510.5,522.2,531.6,551.4,578.6,569.7,586.1,570.6,572.5,555.6,566.9,573.7,595.5,586.8,594.1,617.4,638.4,640.3,654.3,664.6,656.0,661.6,667.2,669.0,681.0,694.4,696.7,700.8,706.2,717.2,725.2,719.8,728.7,740.2,738.8,734.1,740.3,721.1,732.1,739.5,728.8,740.1,740.7,756.6,763.7,763.6,753.2,753.0,751.7,757.8,748.0,745.5,757.2
"19","    Imports",274.6,280.0,279.4,283.7,280.4,301.5,308.2,287.3,329.3,317.6,324.2,338.8,354.5,344.3,334.8,337.3,325.8,343.1,337.1,333.7,300.2,276.2,299.2,315.2,334.9,349.4,363.7,375.7,393.5,397.1,391.6,397.1,423.8,425.1,430.7,436.6,435.4,437.8,431.1,440.5,440.8,408.8,379.3,399.7,416.7,417.4,412.6,424.4,412.3,405.5,424.3,407.7,417.0,449.1,484.1,507.8,548.6,571.6,586.4,603.6,590.3,619.3,613.3,637.3,636.7,663.8,682.2,687.5,683.4,700.5,714.2,730.6,727.2,718.8,735.7,758.2,761.7,765.3,764.3,778.1,802.8,801.4,798.2,776.8,767.9,781.6,803.6,821.3,827.3,840.9,854.1,874.6,893.5,912.0,924.0,961.1,983.5,1020.1,1048.8,1078.3,1102.0,1112.5,1116.3,1130.6,1167.3,1193.4,1232.1,1256.4,1310.1,1354.1,1404.0,1434.2,1488.0,1522.1,1542.7,1592.7,1633.9,1680.0,1742.0,1784.0,1853.9,1911.4,1978.1,1977.8,1946.1,1886.6,1849.0,1823.1,1876.7,1939.9,1964.3,1996.8,1986.6,2014.7,2048.0,2110.8,2178.5,2267.1,2297.2,2347.5,2370.1,2401.7,2417.4,2494.7,2547.7,2575.5,2599.7,2603.1,2634.2,2650.8,2661.5,2637.4,2645.6,2621.8,2588.0,2492.8,2246.5,2153.1,2242.9,2351.8,2408.6,2520.2,2612.6,2633.7,2650.8,2666.6,2697.0,2734.1,2749.0,2762.5,2777.3,2750.6,2758.6,2798.5,2818.6,2834.1,2866.2,2939.0,2946.6,3018.2,3069.7,3090.7,3116.0,3116.0,3122.7,3128.9,3164.9,3222.7,3255.0,3282.9,3293.2,3403.0,3408.2,3410.4,3481.8,3511.6,3498.3,3498.2,3513.6,3434.4
"20","        Goods","---","---","---","---","---","---","---","---","---","---","---","---","---","---","---","---","---","---","---","---","---","---","---","---","---","---","---","---","---","---","---","---","---","---","---","---","---","---","---","---","---","---","---","---","---","---","---","---","---","---","---","---","---","---","---","---","---","---","---","---","---","---","---","---","---","---","---","---","---","---","---","---","---","---","---","---","---","---","---","---","---","---","---","---","---","---","---","---","---","---","---","---","---","---","---","---","---","---","---","---","---","---","---","---","---","---","---","---","---","---","---","---","---","---","---","---","---","---","---","---","---","---","---","---","---","---","---","---",1563.8,1631.4,1660.8,1679.9,1679.3,1719.3,1730.7,1786.6,1842.9,1919.4,1948.8,1996.0,2020.6,2046.2,2056.2,2126.1,2160.7,2187.2,2216.0,2199.6,2230.1,2241.5,2248.2,2224.4,2222.0,2200.4,2161.7,2059.3,1831.4,1738.0,1823.8,1927.3,1984.9,2094.0,2176.5,2195.5,2220.8,2222.8,2244.8,2281.6,2293.6,2303.5,2316.4,2292.0,2302.2,2338.1,2356.6,2370.8,2403.7,2469.5,2476.0,2539.5,2591.4,2610.5,2626.6,2621.5,2620.5,2627.4,2651.2,2703.1,2730.4,2753.2,2759.2,2865.8,2875.7,2881.2,2945.4,2962.0,2940.7,2941.7,2949.6,2859.8
"21","        Services","---","---","---","---","---","---","---","---","---","---","---","---","---","---","---","---","---","---","---","---","---","---","---","---","---","---","---","---","---","---","---","---","---","---","---","---","---","---","---","---","---","---","---","---","---","---","---","---","---","---","---","---","---","---","---","---","---","---","---","---","---","---","---","---","---","---","---","---","---","---","---","---","---","---","---","---","---","---","---","---","---","---","---","---","---","---","---","---","---","---","---","---","---","---","---","---","---","---","---","---","---","---","---","---","---","---","---","---","---","---","---","---","---","---","---","---","---","---","---","---","---","---","---","---","---","---","---","---",311.7,307.3,302.6,315.8,306.6,295.5,316.3,323.4,334.7,347.0,347.9,351.3,349.5,355.4,361.0,368.4,386.6,387.9,383.6,402.7,403.6,408.7,412.5,412.0,422.4,420.1,425.5,432.9,412.8,411.4,416.6,422.9,422.7,426.0,436.2,438.4,430.2,443.7,452.1,452.4,455.3,459.1,460.9,458.5,456.4,460.4,462.1,463.4,462.9,470.2,471.3,479.8,480.4,482.6,491.2,495.5,502.0,501.6,512.6,519.2,524.1,529.3,533.0,538.9,535.0,532.4,540.3,552.0,558.1,557.2,563.7,569.6
"22","Government consumption expenditures and gross investment",1581.3,1562.9,1569.5,1570.3,1547.3,1543.7,1542.9,1532.1,1540.5,1546.7,1517.3,1529.8,1543.0,1532.1,1514.1,1525.5,1553.0,1560.8,1563.9,1571.4,1588.5,1575.1,1604.5,1618.6,1621.1,1603.1,1598.4,1597.4,1611.0,1625.7,1632.3,1628.4,1628.8,1669.6,1685.1,1700.2,1683.4,1699.8,1704.8,1716.0,1741.2,1744.6,1720.9,1720.5,1743.5,1746.9,1740.8,1763.0,1761.0,1767.7,1781.9,1809.3,1826.7,1841.8,1873.6,1843.6,1863.1,1903.6,1919.0,1959.3,1980.6,2024.6,2070.7,2079.3,2095.7,2139.4,2186.0,2177.0,2189.7,2206.7,2209.0,2242.1,2223.4,2230.1,2230.3,2273.6,2263.6,2298.4,2319.1,2330.8,2368.0,2371.8,2375.5,2391.4,2405.7,2415.5,2408.7,2391.1,2412.3,2407.6,2422.9,2422.7,2392.6,2392.8,2396.2,2404.7,2374.9,2386.7,2426.9,2405.8,2414.2,2422.3,2416.0,2390.7,2406.5,2436.4,2436.4,2453.2,2440.5,2472.1,2483.5,2496.0,2487.1,2530.6,2549.7,2564.7,2582.2,2591.9,2623.3,2664.2,2645.4,2671.3,2659.7,2675.7,2716.8,2764.1,2761.4,2807.0,2855.5,2877.5,2892.8,2915.1,2918.5,2946.1,2953.1,2971.0,2984.4,2992.4,2997.9,2996.2,3011.2,3009.5,3019.4,3021.8,3060.1,3059.2,3054.8,3079.9,3084.5,3112.5,3126.5,3150.8,3157.7,3184.5,3209.5,3230.5,3266.2,3313.2,3321.9,3328.0,3315.2,3326.5,3303.9,3283.3,3243.2,3221.4,3175.5,3173.2,3159.6,3143.0,3138.2,3107.2,3079.4,3074.0,3057.4,3033.4,3020.8,3024.6,3044.9,3043.4,3059.0,3089.3,3105.2,3113.6,3143.0,3137.5,3151.0,3159.3,3157.3,3168.0,3167.1,3186.1,3201.1,3221.4,3238.0,3234.9,3258.1,3296.6,3310.4,3332.4
"23","    Federal","---","---","---","---","---","---","---","---","---","---","---","---","---","---","---","---","---","---","---","---","---","---","---","---","---","---","---","---","---","---","---","---","---","---","---","---","---","---","---","---","---","---","---","---","---","---","---","---","---","---","---","---","---","---","---","---","---","---","---","---","---","---","---","---","---","---","---","---","---","---","---","---","---","---","---","---","---","---","---","---","---","---","---","---","---","---","---","---","---","---","---","---","---","---","---","---","---","---","---","---","---","---","---","---","---","---","---","---","---","---","---","---","---","---","---","---","---","---","---","---","---","---","---","---","---","---","---","---",946.9,965.3,974.8,991.3,1002.2,1036.7,1036.4,1055.7,1067.2,1073.6,1085.5,1083.6,1095.7,1094.5,1102.9,1103.3,1131.9,1124.1,1113.9,1130.2,1123.5,1141.9,1151.7,1170.8,1188.4,1213.6,1228.8,1244.3,1260.1,1289.7,1301.3,1321.0,1336.1,1353.9,1348.1,1346.2,1327.7,1322.9,1294.4,1299.4,1299.4,1289.1,1291.7,1265.9,1236.9,1226.8,1209.1,1188.2,1187.0,1179.9,1193.0,1175.5,1179.3,1181.8,1181.2,1188.6,1190.6,1182.5,1188.2,1189.9,1186.4,1195.9,1196.1,1209.8,1218.1,1229.9,1238.7,1242.1,1248.8,1273.9,1284.4,1295.7
"24","        National defense","---","---","---","---","---","---","---","---","---","---","---","---","---","---","---","---","---","---","---","---","---","---","---","---","---","---","---","---","---","---","---","---","---","---","---","---","---","---","---","---","---","---","---","---","---","---","---","---","---","---","---","---","---","---","---","---","---","---","---","---","---","---","---","---","---","---","---","---","---","---","---","---","---","---","---","---","---","---","---","---","---","---","---","---","---","---","---","---","---","---","---","---","---","---","---","---","---","---","---","---","---","---","---","---","---","---","---","---","---","---","---","---","---","---","---","---","---","---","---","---","---","---","---","---","---","---","---","---",593.4,603.3,607.8,620.1,630.3,659.9,656.6,675.5,685.3,688.3,703.1,694.4,706.6,708.7,712.1,706.8,722.5,721.5,706.9,728.5,722.5,738.7,743.4,756.8,769.2,783.1,800.9,812.9,815.4,836.4,842.8,852.3,857.1,863.1,861.4,863.6,847.8,851.4,839.7,832.5,827.1,817.0,819.1,793.5,774.1,769.2,753.4,741.6,732.4,727.8,737.0,716.6,714.1,715.0,708.9,713.9,713.2,703.8,709.8,708.1,704.7,716.4,713.4,721.4,722.5,735.7,741.2,750.6,764.5,770.8,775.0,784.3
"25","        Nondefense","---","---","---","---","---","---","---","---","---","---","---","---","---","---","---","---","---","---","---","---","---","---","---","---","---","---","---","---","---","---","---","---","---","---","---","---","---","---","---","---","---","---","---","---","---","---","---","---","---","---","---","---","---","---","---","---","---","---","---","---","---","---","---","---","---","---","---","---","---","---","---","---","---","---","---","---","---","---","---","---","---","---","---","---","---","---","---","---","---","---","---","---","---","---","---","---","---","---","---","---","---","---","---","---","---","---","---","---","---","---","---","---","---","---","---","---","---","---","---","---","---","---","---","---","---","---","---","---",353.3,361.7,366.6,370.9,371.7,376.8,379.7,380.2,382.0,385.4,382.6,389.3,389.2,386.0,390.9,396.6,409.5,402.7,407.1,401.8,401.1,403.2,408.4,414.2,419.3,430.6,427.9,431.4,444.8,453.3,458.6,468.7,479.1,490.7,486.7,482.6,479.9,471.6,454.7,466.9,472.3,472.1,472.7,472.4,462.7,457.6,455.6,446.6,454.4,452.0,455.9,458.6,464.8,466.4,471.8,474.2,476.8,478.0,477.8,481.1,480.9,479.0,482.0,487.7,494.9,493.6,497.0,491.3,484.5,502.9,509.1,511.1
"26","    State and local","---","---","---","---","---","---","---","---","---","---","---","---","---","---","---","---","---","---","---","---","---","---","---","---","---","---","---","---","---","---","---","---","---","---","---","---","---","---","---","---","---","---","---","---","---","---","---","---","---","---","---","---","---","---","---","---","---","---","---","---","---","---","---","---","---","---","---","---","---","---","---","---","---","---","---","---","---","---","---","---","---","---","---","---","---","---","---","---","---","---","---","---","---","---","---","---","---","---","---","---","---","---","---","---","---","---","---","---","---","---","---","---","---","---","---","---","---","---","---","---","---","---","---","---","---","---","---","---",1921.6,1924.2,1929.8,1934.7,1926.2,1916.7,1924.3,1921.6,1922.7,1924.0,1916.6,1917.0,1919.3,1918.8,1920.0,1922.1,1930.8,1938.2,1944.5,1952.9,1964.6,1973.8,1977.8,1982.5,1971.4,1972.8,1982.5,1987.8,2007.7,2024.9,2021.8,2007.9,1979.5,1972.8,1955.8,1937.0,1915.5,1898.4,1881.1,1873.8,1860.1,1854.0,1846.5,1841.4,1842.3,1846.8,1847.8,1844.4,1833.1,1843.8,1851.0,1866.6,1878.3,1906.0,1922.2,1923.3,1950.5,1953.0,1960.8,1967.4,1968.9,1970.1,1969.0,1974.5,1981.2,1989.9,1997.7,1991.4,2007.9,2021.4,2024.9,2035.8
"27","Residual",-210.4,-218.7,-217.6,-189.9,-229.2,-214.8,-206.6,-178.4,-173.5,-199.8,-191.1,-162.3,-159.8,-172.5,-144.4,-170.0,-147.6,-158.9,-151.2,-183.0,-142.3,-128.9,-163.4,-163.6,-190.9,-201.0,-194.5,-161.5,-175.8,-170.5,-191.2,-167.3,-176.3,-145.3,-138.1,-137.9,-117.6,-128.4,-91.1,-86.6,-90.0,-95.7,-21.5,-49.5,-113.9,-77.4,-112.2,-100.5,-70.8,-96.5,-136.6,-97.7,-97.0,-139.0,-143.2,-149.8,-207.8,-201.6,-202.9,-177.7,-142.1,-162.6,-171.5,-184.0,-178.1,-176.5,-165.2,-161.2,-209.7,-192.1,-162.2,-243.2,-173.4,-167.4,-162.2,-175.4,-190.5,-177.9,-145.8,-158.2,-158.6,-185.9,-174.8,-142.7,-143.9,-138.7,-161.2,-187.2,-157.1,-170.0,-167.2,-165.4,-178.9,-160.7,-131.3,-136.7,-166.0,-204.9,-171.8,-185.7,-167.4,-138.0,-95.2,-90.1,-74.8,-98.5,-129.5,-95.1,-80.9,-173.8,-121.8,-127.6,-165.7,-74.5,-84.9,-87.5,-115.4,-46.2,-52.2,-105.0,-3.7,-91.5,-54.0,-50.6,60.0,8.9,46.5,99.8,-102.7,-91.6,-67.9,-82.1,-79.9,-49.1,-33.2,-27.7,-21.3,-14.1,0.1,11.9,11.2,38.2,54.0,36.8,32.1,32.0,32.6,30.5,39.8,27.6,21.2,14.2,3.9,1.0,5.0,-19.3,-23.7,-20.9,-1.0,-16.3,-13.8,-11.1,-14.4,-6.1,-5.0,-4.6,-4.2,-0.9,4.6,-0.3,-2.8,-1.5,-3.2,2.1,0.6,-1.1,2.8,3.8,-1.3,-2.7,6.0,9.2,11.0,16.6,18.4,22.1,19.8,24.2,29.5,20.6,3.6,15.3,8.2,4.5,2.4,-6.5,-15.8,-24.6,-33.9,-43.0
"Legend / Footnotes:"
"Note. Chained (2012) dollar series are calculated as the product of the chain-type quantity index and the 2012 current-dollar value of the corresponding series, divided by 100. Because the formula for the chain-type quantity indexes uses weights of more than one period, the corresponding chained-dollar estimates are usually not additive. The residual line is the difference between the first line and the sum of the most detailed lines."
